,0
LabelName,/m/0bl9f
Subcategory_0_LabelName,/m/0242l
Subcategory_1_LabelName,/m/03120
Subcategory_2_LabelName,/m/0h8l4fh
Subcategory_3_LabelName,/m/0138tl
Subcategory_3_Subcategory_0_LabelName,/m/0167gd
Subcategory_3_Subcategory_1_LabelName,/m/01j51
Subcategory_3_Subcategory_2_LabelName,/m/029b3
Subcategory_3_Subcategory_3_LabelName,/m/02wmf
Subcategory_3_Subcategory_4_LabelName,/m/02zt3
Subcategory_3_Subcategory_5_LabelName,/m/0kmg4
Subcategory_4_LabelName,/m/019dx1
Subcategory_4_Subcategory_0_LabelName,/m/0174k2
Subcategory_4_Subcategory_1_LabelName,/m/01k6s3
Subcategory_4_Subcategory_2_LabelName,/m/029bxz
Subcategory_4_Subcategory_3_LabelName,/m/02pjr4
Subcategory_4_Subcategory_4_LabelName,/m/02wv84t
Subcategory_4_Subcategory_5_LabelName,/m/02x984l
Subcategory_4_Subcategory_6_LabelName,/m/03qhv5
Subcategory_4_Subcategory_7_LabelName,/m/03s_tn
Subcategory_4_Subcategory_8_LabelName,/m/03wvsk
Subcategory_4_Subcategory_9_LabelName,/m/040b_t
Subcategory_4_Subcategory_10_LabelName,/m/04169hn
Subcategory_4_Subcategory_11_LabelName,/m/04lvq_
Subcategory_4_Subcategory_12_LabelName,/m/063rgb
Subcategory_4_Subcategory_13_LabelName,/m/07xyvk
Subcategory_4_Subcategory_14_LabelName,/m/0fx9l
Subcategory_4_Subcategory_15_LabelName,/m/0ky7b
Subcategory_4_Subcategory_16_LabelName,/m/0llzx
Subcategory_4_Subcategory_17_LabelName,/m/0c3m8g
Subcategory_4_Subcategory_18_LabelName,/m/03ldnb
Subcategory_5_LabelName,/m/02pkr5
Subcategory_5_Subcategory_0_LabelName,/m/0130jx
Subcategory_5_Subcategory_1_LabelName,/m/01vbnl
Subcategory_5_Subcategory_2_LabelName,/m/02f9f_
Subcategory_5_Subcategory_3_LabelName,/m/02jz0l
Subcategory_5_Subcategory_4_LabelName,/m/03dnzn
Subcategory_5_Subcategory_5_LabelName,/m/09g1w
Subcategory_6_LabelName,/m/02rdsp
Subcategory_6_Subcategory_0_LabelName,/m/01lsmm
Subcategory_6_Subcategory_1_LabelName,/m/01n5jq
Subcategory_6_Subcategory_2_LabelName,/m/024d2
Subcategory_6_Subcategory_3_LabelName,/m/025dyy
Subcategory_6_Subcategory_4_LabelName,/m/025fsf
Subcategory_6_Subcategory_5_LabelName,/m/02d9qx
Subcategory_6_Subcategory_6_LabelName,/m/02ddwp
Subcategory_6_Subcategory_7_LabelName,/m/02fh7f
Subcategory_6_Subcategory_8_LabelName,/m/02xqq
Subcategory_6_Subcategory_9_LabelName,/m/03m3vtv
Subcategory_6_Subcategory_10_LabelName,/m/04zwwv
Subcategory_6_Subcategory_11_LabelName,/m/05676x
Subcategory_6_Subcategory_12_LabelName,/m/05gqfk
Subcategory_6_Subcategory_13_LabelName,/m/080n7g
Subcategory_6_Subcategory_14_LabelName,/m/09gtd
Subcategory_6_Subcategory_15_LabelName,/m/0frqm
Subcategory_6_Subcategory_16_LabelName,/m/0k1tl
Subcategory_7_LabelName,/m/02w3r3
Subcategory_8_LabelName,/m/034c16
Subcategory_9_LabelName,/m/03_wxk
Subcategory_9_Subcategory_0_LabelName,/m/03hlz0c
Subcategory_9_Subcategory_0_Subcategory_0_LabelName,/m/01_5g
Subcategory_9_Subcategory_0_Subcategory_1_LabelName,/m/027rl48
Subcategory_9_Subcategory_0_Subcategory_2_LabelName,/m/02d1br
Subcategory_9_Subcategory_0_Subcategory_3_LabelName,/m/02mqfb
Subcategory_9_Subcategory_0_Subcategory_4_LabelName,/m/02pdsw
Subcategory_9_Subcategory_0_Subcategory_5_LabelName,/m/02vwcm
Subcategory_9_Subcategory_0_Subcategory_6_LabelName,/m/03v5tg
Subcategory_9_Subcategory_0_Subcategory_7_LabelName,/m/04ctx
Subcategory_9_Subcategory_0_Subcategory_8_LabelName,/m/04f5ws
Subcategory_9_Subcategory_0_Subcategory_9_LabelName,/m/07v9_z
Subcategory_9_Subcategory_0_Subcategory_10_LabelName,/m/08ks85
Subcategory_9_Subcategory_0_Subcategory_11_LabelName,/m/0cmx8
Subcategory_9_Subcategory_0_Subcategory_12_LabelName,/m/0dt3t
Subcategory_9_Subcategory_1_LabelName,/m/04brg2
Subcategory_9_Subcategory_1_Subcategory_0_LabelName,/m/01_5g
Subcategory_9_Subcategory_1_Subcategory_1_LabelName,/m/01fh4r
Subcategory_9_Subcategory_1_Subcategory_2_LabelName,/m/02jvh9
Subcategory_9_Subcategory_1_Subcategory_3_LabelName,/m/02p5f1q
Subcategory_9_Subcategory_1_Subcategory_4_LabelName,/m/02x8cch
Subcategory_9_Subcategory_1_Subcategory_5_LabelName,/m/03hj559
Subcategory_9_Subcategory_1_Subcategory_6_LabelName,/m/03q5c7
Subcategory_9_Subcategory_1_Subcategory_7_LabelName,/m/0440zs
Subcategory_9_Subcategory_1_Subcategory_8_LabelName,/m/04dr76w
Subcategory_9_Subcategory_1_Subcategory_9_LabelName,/m/04kkgm
Subcategory_9_Subcategory_1_Subcategory_10_LabelName,/m/050gv4
Subcategory_9_Subcategory_1_Subcategory_11_LabelName,/m/054fyh
Subcategory_9_Subcategory_1_Subcategory_12_LabelName,/m/058qzx
Subcategory_9_Subcategory_1_Subcategory_13_LabelName,/m/08hvt4
Subcategory_9_Subcategory_1_Subcategory_14_LabelName,/m/099ssp
Subcategory_9_Subcategory_1_Subcategory_15_LabelName,/m/09tvcd
Subcategory_9_Subcategory_1_Subcategory_16_LabelName,/m/0cmx8
Subcategory_9_Subcategory_1_Subcategory_17_LabelName,/m/0dt3t
Subcategory_9_Subcategory_1_Subcategory_18_LabelName,/m/0h8n27j
Subcategory_9_Subcategory_1_Subcategory_19_LabelName,/m/0h8n6ft
Subcategory_9_Subcategory_2_LabelName,/m/04v6l4
Subcategory_9_Subcategory_3_LabelName,/m/084rd
Subcategory_9_Subcategory_4_LabelName,/m/0h8kx63
Subcategory_9_Subcategory_5_LabelName,/m/0h99cwc
Subcategory_9_Subcategory_5_Subcategory_0_LabelName,/m/029bxz
Subcategory_9_Subcategory_5_Subcategory_1_LabelName,/m/02pjr4
Subcategory_9_Subcategory_5_Subcategory_2_LabelName,/m/02tsc9
Subcategory_9_Subcategory_5_Subcategory_3_LabelName,/m/03y6mg
Subcategory_9_Subcategory_5_Subcategory_4_LabelName,/m/040b_t
Subcategory_9_Subcategory_5_Subcategory_5_LabelName,/m/04z4wx
Subcategory_9_Subcategory_5_Subcategory_6_LabelName,/m/063rgb
Subcategory_9_Subcategory_5_Subcategory_7_LabelName,/m/07xyvk
Subcategory_9_Subcategory_5_Subcategory_8_LabelName,/m/0fx9l
Subcategory_9_Subcategory_5_Subcategory_9_LabelName,/m/0h8ntjv
Subcategory_9_Subcategory_5_Subcategory_10_LabelName,/m/0ky7b
Subcategory_10_LabelName,/m/03tw93
Subcategory_11_LabelName,/m/0b3fp9
Subcategory_12_LabelName,/m/0bt_c3
Subcategory_13_LabelName,/m/0c_jw
Subcategory_13_Subcategory_0_LabelName,/m/01mzpv
Subcategory_13_Subcategory_1_LabelName,/m/01s105
Subcategory_13_Subcategory_2_LabelName,/m/01y9k5
Subcategory_13_Subcategory_3_LabelName,/m/0271qf7
Subcategory_13_Subcategory_4_LabelName,/m/02crq1
Subcategory_13_Subcategory_4_Subcategory_0_LabelName,/m/03m3pdh
Subcategory_13_Subcategory_4_Subcategory_1_LabelName,/m/0703r8
Subcategory_13_Subcategory_5_LabelName,/m/02vkqh8
Subcategory_13_Subcategory_6_LabelName,/m/02z51p
Subcategory_13_Subcategory_7_LabelName,/m/03__z0
Subcategory_13_Subcategory_8_LabelName,/m/03ssj5
Subcategory_13_Subcategory_8_Subcategory_0_LabelName,/m/061hd_
Subcategory_13_Subcategory_8_Subcategory_1_LabelName,/m/026qbn5
Subcategory_13_Subcategory_9_LabelName,/m/047j0r
Subcategory_13_Subcategory_10_LabelName,/m/04bcr3
Subcategory_13_Subcategory_10_Subcategory_0_LabelName,/m/078n6m
Subcategory_13_Subcategory_10_Subcategory_1_LabelName,/m/0h8n5zk
Subcategory_13_Subcategory_11_LabelName,/m/05kyg_
Subcategory_13_Subcategory_12_LabelName,/m/0642b4
Subcategory_13_Subcategory_13_LabelName,/m/0cvnqh
Subcategory_13_Subcategory_14_LabelName,/m/0fqfqc
Subcategory_13_Subcategory_15_LabelName,/m/0fqt361
Subcategory_13_Subcategory_16_LabelName,/m/0gjbg72
Subcategory_13_Subcategory_17_LabelName,/m/0h8mzrc
Subcategory_13_Subcategory_18_LabelName,/m/04y4h8h
Subcategory_13_Subcategory_19_LabelName,/m/0d4w1
Subcategory_14_LabelName,/m/0h8n6f9
Subcategory_15_LabelName,/m/0h8nm9j
Subcategory_16_LabelName,/m/01jfsr
Subcategory_17_LabelName,/m/01x3z
Subcategory_17_Subcategory_0_LabelName,/m/046dlr
Subcategory_17_Subcategory_1_LabelName,/m/06_72j
Subcategory_17_Subcategory_2_LabelName,/m/0h8mzrc
Subcategory_18_LabelName,/m/02s195
Subcategory_19_LabelName,/m/031b6r
Subcategory_20_LabelName,/m/03rszm
Subcategory_21_LabelName,/m/054_l
Subcategory_22_LabelName,/m/06msq
Subcategory_22_Subcategory_0_LabelName,/m/0152hh
Subcategory_22_Subcategory_1_LabelName,/m/04yqq2
Subcategory_22_Subcategory_2_LabelName,/m/01yx86
Subcategory_23_LabelName,/m/06z37_
Subcategory_24_LabelName,/m/0c06p
Subcategory_25_LabelName,/m/0dtln
Subcategory_26_LabelName,/m/0h8nr_l
Subcategory_26_Subcategory_0_LabelName,/m/0162_1
Subcategory_26_Subcategory_1_LabelName,/m/09gtd
Subcategory_26_Subcategory_2_LabelName,/m/0c3mkw
Subcategory_26_Subcategory_3_LabelName,/m/0h8nsvg
Subcategory_27_LabelName,/m/01gllr
Subcategory_28_LabelName,/m/01j61q
Subcategory_29_LabelName,/m/015qbp
Subcategory_30_LabelName,/m/015qff
Subcategory_31_LabelName,/m/01knjb
Subcategory_32_LabelName,/m/01mqdt
Subcategory_32_Subcategory_0_LabelName,/m/02pv19
Subcategory_33_LabelName,/m/01pns0
Subcategory_34_LabelName,/m/0220r2
Subcategory_35_LabelName,/m/033rq4
Subcategory_36_LabelName,/m/065h6l
Subcategory_37_LabelName,/m/0cgh4
Subcategory_37_Part_0_LabelName,/m/01xgg_
Subcategory_37_Part_0_Subcategory_0_LabelName,/m/012ysf
Subcategory_37_Part_0_Subcategory_1_LabelName,/m/02lbcq
Subcategory_37_Part_0_Subcategory_2_LabelName,/m/073g6
Subcategory_37_Part_0_Subcategory_3_LabelName,/m/0j496
Subcategory_37_Part_1_LabelName,/m/04szw
Subcategory_37_Part_1_Subcategory_0_LabelName,/m/013y1f
Subcategory_37_Part_1_Subcategory_1_LabelName,/m/018j2
Subcategory_37_Part_1_Subcategory_2_LabelName,/m/01xqw
Subcategory_37_Part_1_Subcategory_3_LabelName,/m/026t6
Subcategory_37_Part_1_Subcategory_4_LabelName,/m/0319l
Subcategory_37_Part_1_Subcategory_5_LabelName,/m/0342h
Subcategory_37_Part_1_Subcategory_6_LabelName,/m/03m5k
Subcategory_37_Part_1_Subcategory_7_LabelName,/m/03q5t
Subcategory_37_Part_1_Subcategory_8_LabelName,/m/03qjg
Subcategory_37_Part_1_Subcategory_9_LabelName,/m/057cc
Subcategory_37_Part_1_Subcategory_10_LabelName,/m/05kms
Subcategory_37_Part_1_Subcategory_11_LabelName,/m/05r5c
Subcategory_37_Part_1_Subcategory_12_LabelName,/m/06ncr
Subcategory_37_Part_1_Subcategory_13_LabelName,/m/07c6l
Subcategory_37_Part_1_Subcategory_14_LabelName,/m/07gql
Subcategory_37_Part_1_Subcategory_15_LabelName,/m/07y_7
Subcategory_37_Part_1_Subcategory_16_LabelName,/m/0f8s22
Subcategory_37_Part_1_Subcategory_17_LabelName,/m/0l14j_
Subcategory_37_Part_1_Subcategory_18_LabelName,/m/0mkg
Subcategory_37_Part_1_Subcategory_19_LabelName,/m/0xzly
Subcategory_37_Part_2_LabelName,/m/05y5lj
Subcategory_37_Part_2_Subcategory_0_LabelName,/m/014y4n
Subcategory_37_Part_2_Subcategory_1_LabelName,/m/018xm
Subcategory_37_Part_2_Subcategory_1_Subcategory_0_LabelName,/m/01226z
Subcategory_37_Part_2_Subcategory_1_Subcategory_1_LabelName,/m/02ctlc
Subcategory_37_Part_2_Subcategory_1_Subcategory_2_LabelName,/m/02rgn06
Subcategory_37_Part_2_Subcategory_1_Subcategory_3_LabelName,/m/05ctyq
Subcategory_37_Part_2_Subcategory_1_Subcategory_4_LabelName,/m/0wdt60w
Subcategory_37_Part_2_Subcategory_2_LabelName,/m/0199g
Subcategory_37_Part_2_Subcategory_2_Part_0_LabelName,/m/01bqk0
Subcategory_37_Part_2_Subcategory_3_LabelName,/m/019w40
Subcategory_37_Part_2_Subcategory_4_LabelName,/m/01g3x7
Subcategory_37_Part_2_Subcategory_5_LabelName,/m/0268lbt
Subcategory_37_Part_2_Subcategory_6_LabelName,/m/02p3w7d
Subcategory_37_Part_2_Subcategory_7_LabelName,/m/02wmf
Subcategory_37_Part_2_Subcategory_8_LabelName,/m/03g8mr
Subcategory_37_Part_2_Subcategory_9_LabelName,/m/03grzl
Subcategory_37_Part_2_Subcategory_10_LabelName,/m/0420v5
Subcategory_37_Part_2_Subcategory_11_LabelName,/m/044r5d
Subcategory_37_Part_2_Subcategory_12_LabelName,/m/054xkw
Subcategory_37_Part_2_Subcategory_13_LabelName,/m/057p5t
Subcategory_37_Part_2_Subcategory_14_LabelName,/m/06__v
Subcategory_37_Part_2_Subcategory_15_LabelName,/m/06_fw
Subcategory_37_Part_2_Subcategory_16_LabelName,/m/071p9
Subcategory_37_Part_2_Subcategory_17_LabelName,/m/07pj7bq
Subcategory_37_Part_2_Subcategory_18_LabelName,/m/04h8sr
Subcategory_37_Part_2_Subcategory_19_LabelName,/m/03kt2w
Subcategory_37_Part_2_Subcategory_20_LabelName,/m/030610
Subcategory_37_Part_2_Subcategory_21_LabelName,/m/076lb9
Subcategory_37_Part_2_Subcategory_22_LabelName,/m/03wym
Subcategory_37_Part_2_Subcategory_23_LabelName,/m/0cqn2
Subcategory_37_Part_2_Subcategory_24_LabelName,/m/0cyfs
Subcategory_37_Part_2_Subcategory_25_LabelName,/m/0dv9c
Subcategory_37_Part_2_Subcategory_25_Subcategory_0_LabelName,/m/0h8my_4
Subcategory_37_Part_2_Subcategory_25_Subcategory_1_LabelName,/m/05_5p_0
Subcategory_37_Part_2_Subcategory_26_LabelName,/m/0l3ms
Subcategory_37_Part_2_Subcategory_27_LabelName,/m/0zvk5
Subcategory_37_Part_2_Subcategory_27_Subcategory_0_LabelName,/m/03p3bw
Subcategory_37_Part_2_Subcategory_27_Subcategory_1_LabelName,/m/07qxg_
Subcategory_37_Part_2_Subcategory_28_LabelName,/m/04p0qw
Subcategory_37_Part_3_LabelName,/m/07k1x
Subcategory_37_Part_3_Subcategory_0_LabelName,/m/011q46kg
Subcategory_37_Part_3_Subcategory_0_Subcategory_0_LabelName,/m/02jnhm
Subcategory_37_Part_3_Subcategory_0_Subcategory_1_LabelName,/m/02zn6n
Subcategory_37_Part_3_Subcategory_0_Subcategory_2_LabelName,/m/04dr76w
Subcategory_37_Part_3_Subcategory_0_Subcategory_3_LabelName,/m/07kng9
Subcategory_37_Part_3_Subcategory_0_Subcategory_4_LabelName,/m/08hvt4
Subcategory_37_Part_3_Subcategory_0_Subcategory_5_LabelName,/m/0bjyj5
Subcategory_37_Part_3_Subcategory_0_Subcategory_6_LabelName,/m/0d20w4
Subcategory_37_Part_3_Subcategory_0_Subcategory_7_LabelName,/m/0fm3zh
Subcategory_37_Part_3_Subcategory_1_LabelName,/m/012w5l
Subcategory_37_Part_3_Subcategory_2_LabelName,/m/012xff
Subcategory_37_Part_3_Subcategory_3_LabelName,/m/01bms0
Subcategory_37_Part_3_Subcategory_4_LabelName,/m/01d380
Subcategory_37_Part_3_Subcategory_5_LabelName,/m/01j4z9
Subcategory_37_Part_3_Subcategory_6_LabelName,/m/01j5ks
Subcategory_37_Part_3_Subcategory_7_LabelName,/m/01kb5b
Subcategory_37_Part_3_Subcategory_8_LabelName,/m/01lsmm
Subcategory_37_Part_3_Subcategory_9_LabelName,/m/02bm9n
Subcategory_37_Part_3_Subcategory_10_LabelName,/m/03hlz0c
Subcategory_37_Part_3_Subcategory_10_Subcategory_0_LabelName,/m/01_5g
Subcategory_37_Part_3_Subcategory_10_Subcategory_1_LabelName,/m/027rl48
Subcategory_37_Part_3_Subcategory_10_Subcategory_2_LabelName,/m/02d1br
Subcategory_37_Part_3_Subcategory_10_Subcategory_3_LabelName,/m/02mqfb
Subcategory_37_Part_3_Subcategory_10_Subcategory_4_LabelName,/m/02pdsw
Subcategory_37_Part_3_Subcategory_10_Subcategory_5_LabelName,/m/02vwcm
Subcategory_37_Part_3_Subcategory_10_Subcategory_6_LabelName,/m/03v5tg
Subcategory_37_Part_3_Subcategory_10_Subcategory_7_LabelName,/m/04ctx
Subcategory_37_Part_3_Subcategory_10_Subcategory_8_LabelName,/m/04f5ws
Subcategory_37_Part_3_Subcategory_10_Subcategory_9_LabelName,/m/07v9_z
Subcategory_37_Part_3_Subcategory_10_Subcategory_10_LabelName,/m/08ks85
Subcategory_37_Part_3_Subcategory_10_Subcategory_11_LabelName,/m/0cmx8
Subcategory_37_Part_3_Subcategory_10_Subcategory_12_LabelName,/m/0dt3t
Subcategory_37_Part_3_Subcategory_11_LabelName,/m/03l9g
Subcategory_37_Part_3_Subcategory_12_LabelName,/m/03txqz
Subcategory_37_Part_3_Subcategory_13_LabelName,/m/04vv5k
Subcategory_37_Part_3_Subcategory_14_LabelName,/m/05bm6
Subcategory_37_Part_3_Subcategory_15_LabelName,/m/073bxn
Subcategory_37_Part_3_Subcategory_16_LabelName,/m/07dd4
Subcategory_37_Part_3_Subcategory_17_LabelName,/m/0_dqb
Subcategory_37_Part_3_Subcategory_18_LabelName,/m/0c2jj
Subcategory_37_Part_3_Subcategory_19_LabelName,/m/0dv5r
Subcategory_37_Part_3_Subcategory_20_LabelName,/m/0h8jyh6
Subcategory_37_Part_3_Subcategory_21_LabelName,/m/0hdln
Subcategory_37_Part_3_Subcategory_22_LabelName,/m/0lt4_
Subcategory_37_Part_4_LabelName,/m/083kb
Subcategory_37_Part_4_Subcategory_0_LabelName,/m/01g3x7
Subcategory_37_Part_4_Subcategory_1_LabelName,/m/020kz
Subcategory_37_Part_4_Subcategory_2_LabelName,/m/02gzp
Subcategory_37_Part_4_Subcategory_3_LabelName,/m/04ctx
Subcategory_37_Part_4_Subcategory_4_LabelName,/m/06c54
Subcategory_37_Part_4_Subcategory_5_LabelName,/m/06nrc
Subcategory_37_Part_4_Subcategory_6_LabelName,/m/07cmd
Subcategory_37_Part_4_Subcategory_7_LabelName,/m/0c2jj
Subcategory_37_Part_4_Subcategory_8_LabelName,/m/0gxl3
Subcategory_37_Part_4_Subcategory_9_LabelName,/m/06y5r
Subcategory_37_Part_4_Subcategory_10_LabelName,/m/04ylt
Subcategory_37_Part_4_Subcategory_11_LabelName,/m/0ct4f
Subcategory_37_Part_5_LabelName,/m/01432t
Subcategory_37_Part_6_LabelName,/m/01b7fy
Subcategory_37_Part_7_LabelName,/m/01c648
Subcategory_37_Part_8_LabelName,/m/01m2v
Subcategory_37_Part_9_LabelName,/m/01m4t
Subcategory_37_Part_10_LabelName,/m/020lf
Subcategory_37_Part_11_LabelName,/m/02522
Subcategory_37_Part_12_LabelName,/m/03bbps
Subcategory_37_Part_13_LabelName,/m/03jbxj
Subcategory_37_Part_14_LabelName,/m/057cc
Subcategory_37_Part_15_LabelName,/m/07c52
Subcategory_37_Part_16_LabelName,/m/07cx4
Subcategory_37_Part_16_Subcategory_0_LabelName,/m/050k8
Subcategory_37_Part_16_Subcategory_1_LabelName,/m/0h8lkj8
Subcategory_37_Part_17_LabelName,/m/0bh9flk
Subcategory_37_Part_18_LabelName,/m/0hg7b
Subcategory_37_Part_19_LabelName,/m/0mcx2
Subcategory_37_Part_20_LabelName,/m/0qjjc
Subcategory_37_Subcategory_0_LabelName,/m/02wg_p
Subcategory_37_Subcategory_1_LabelName,/m/04h7h
Subcategory_37_Subcategory_2_LabelName,/m/079cl
Subcategory_37_Subcategory_3_LabelName,/m/0d5gx
Subcategory_37_Subcategory_4_LabelName,/m/01fdzj
Subcategory_37_Subcategory_5_LabelName,/m/03jm5
Subcategory_37_Subcategory_6_LabelName,/m/021sj1
Subcategory_37_Subcategory_7_LabelName,/m/0crjs
Subcategory_38_LabelName,/m/0b_rs
Subcategory_39_LabelName,/m/01g317
Subcategory_39_Part_0_LabelName,/m/02p0tk3
Subcategory_39_Part_0_Part_0_LabelName,/m/014sv8
Subcategory_39_Part_0_Part_1_LabelName,/m/016m2d
Subcategory_39_Part_0_Part_2_LabelName,/m/04hgtk
Subcategory_39_Part_0_Part_3_LabelName,/m/0dzct
Subcategory_39_Part_0_Part_4_LabelName,/m/0283dt1
Subcategory_39_Part_0_Part_5_LabelName,/m/039xj_
Subcategory_39_Part_0_Part_6_LabelName,/m/0k0pj
Subcategory_39_Part_0_Part_7_LabelName,/m/03q69
Subcategory_39_Part_0_Part_8_LabelName,/m/0k65p
Subcategory_39_Part_0_Part_9_LabelName,/m/031n1
Subcategory_39_Part_0_Part_10_LabelName,/m/0dzf4
Subcategory_39_Part_0_Part_11_LabelName,/m/035r7c
Subcategory_39_Part_0_Part_12_LabelName,/m/015h_t
Subcategory_39_Subcategory_0_LabelName,/m/04yx4
Subcategory_39_Subcategory_1_LabelName,/m/03bt1vf
Subcategory_39_Subcategory_2_LabelName,/m/01bl7v
Subcategory_39_Subcategory_3_LabelName,/m/05r655
Subcategory_40_LabelName,/m/02wbm
Subcategory_40_Subcategory_0_LabelName,/m/01_bhs
Subcategory_40_Subcategory_0_Subcategory_0_LabelName,/m/01b9xk
Subcategory_40_Subcategory_0_Subcategory_1_LabelName,/m/02y6n
Subcategory_40_Subcategory_1_LabelName,/m/01dwsz
Subcategory_40_Subcategory_2_LabelName,/m/01dwwc
Subcategory_40_Subcategory_3_LabelName,/m/01j3zr
Subcategory_40_Subcategory_4_LabelName,/m/01ww8y
Subcategory_40_Subcategory_4_Subcategory_0_LabelName,/m/01f91_
Subcategory_40_Subcategory_4_Subcategory_1_LabelName,/m/01hrv5
Subcategory_40_Subcategory_4_Subcategory_2_LabelName,/m/021mn
Subcategory_40_Subcategory_5_LabelName,/m/0270h
Subcategory_40_Subcategory_5_Subcategory_0_LabelName,/m/01tcjp
Subcategory_40_Subcategory_5_Subcategory_1_LabelName,/m/021mn
Subcategory_40_Subcategory_5_Subcategory_2_LabelName,/m/0cxn2
Subcategory_40_Subcategory_5_Subcategory_3_LabelName,/m/0fszt
Subcategory_40_Subcategory_5_Subcategory_4_LabelName,/m/0gm28
Subcategory_40_Subcategory_6_LabelName,/m/02g30s
Subcategory_40_Subcategory_7_LabelName,/m/02xwb
Subcategory_40_Subcategory_7_Subcategory_0_LabelName,/m/014j1m
Subcategory_40_Subcategory_7_Subcategory_1_LabelName,/m/0388q
Subcategory_40_Subcategory_7_Subcategory_2_LabelName,/m/043nyj
Subcategory_40_Subcategory_7_Subcategory_3_LabelName,/m/061_f
Subcategory_40_Subcategory_7_Subcategory_4_LabelName,/m/07fbm7
Subcategory_40_Subcategory_7_Subcategory_5_LabelName,/m/07j87
Subcategory_40_Subcategory_7_Subcategory_6_LabelName,/m/09k_b
Subcategory_40_Subcategory_7_Subcategory_7_LabelName,/m/09qck
Subcategory_40_Subcategory_7_Subcategory_8_LabelName,/m/0cyhj_
Subcategory_40_Subcategory_7_Subcategory_9_LabelName,/m/0dj6p
Subcategory_40_Subcategory_7_Subcategory_10_LabelName,/m/0fldg
Subcategory_40_Subcategory_7_Subcategory_11_LabelName,/m/0fp6w
Subcategory_40_Subcategory_7_Subcategory_12_LabelName,/m/0hqkz
Subcategory_40_Subcategory_7_Subcategory_13_LabelName,/m/0jwn_
Subcategory_40_Subcategory_7_Subcategory_14_LabelName,/m/0kpqd
Subcategory_40_Subcategory_7_Subcategory_15_LabelName,/m/0kpt_
Subcategory_40_Subcategory_8_LabelName,/m/033cnk
Subcategory_40_Subcategory_9_LabelName,/m/052lwg6
Subcategory_40_Subcategory_9_Subcategory_0_LabelName,/m/01f91_
Subcategory_40_Subcategory_9_Subcategory_1_LabelName,/m/01fb_0
Subcategory_40_Subcategory_9_Subcategory_2_LabelName,/m/01tcjp
Subcategory_40_Subcategory_9_Subcategory_3_LabelName,/m/021mn
Subcategory_40_Subcategory_9_Subcategory_4_LabelName,/m/09728
Subcategory_40_Subcategory_9_Subcategory_5_LabelName,/m/0hnyx
Subcategory_40_Subcategory_9_Subcategory_5_Subcategory_0_LabelName,/m/0jy4k
Subcategory_40_Subcategory_9_Subcategory_5_Subcategory_1_LabelName,/m/015wgc
Subcategory_40_Subcategory_9_Subcategory_5_Subcategory_2_LabelName,/m/02zvsm
Subcategory_40_Subcategory_10_LabelName,/m/052sf
Subcategory_40_Subcategory_11_LabelName,/m/05z55
Subcategory_40_Subcategory_12_LabelName,/m/0663v
Subcategory_40_Subcategory_13_LabelName,/m/06nwz
Subcategory_40_Subcategory_13_Subcategory_0_LabelName,/m/09gys
Subcategory_40_Subcategory_13_Subcategory_1_LabelName,/m/0fbdv
Subcategory_40_Subcategory_13_Subcategory_1_Subcategory_0_LabelName,/m/0_cp5
Subcategory_40_Subcategory_13_Subcategory_1_Subcategory_1_LabelName,/m/0cjq5
Subcategory_40_Subcategory_13_Subcategory_1_Subcategory_2_LabelName,/m/0ll1f78
Subcategory_40_Subcategory_13_Subcategory_1_Subcategory_3_LabelName,/m/0n28_
Subcategory_40_Subcategory_14_LabelName,/m/07crc
Subcategory_40_Subcategory_15_LabelName,/m/07mcwg
Subcategory_40_Subcategory_16_LabelName,/m/0f4s2w
Subcategory_40_Subcategory_16_Subcategory_0_LabelName,/m/015x4r
Subcategory_40_Subcategory_16_Subcategory_1_LabelName,/m/015x5n
Subcategory_40_Subcategory_16_Subcategory_2_LabelName,/m/047v4b
Subcategory_40_Subcategory_16_Subcategory_3_LabelName,/m/05vtc
Subcategory_40_Subcategory_16_Subcategory_4_LabelName,/m/07j87
Subcategory_40_Subcategory_16_Subcategory_5_LabelName,/m/0cjs7
Subcategory_40_Subcategory_16_Subcategory_6_LabelName,/m/0dv77
Subcategory_40_Subcategory_16_Subcategory_6_Subcategory_0_LabelName,/m/05zsy
Subcategory_40_Subcategory_16_Subcategory_6_Subcategory_1_LabelName,/m/027pcv
Subcategory_40_Subcategory_16_Subcategory_7_LabelName,/m/0fbw6
Subcategory_40_Subcategory_16_Subcategory_8_LabelName,/m/0fj52s
Subcategory_40_Subcategory_16_Subcategory_9_LabelName,/m/0grw1
Subcategory_40_Subcategory_16_Subcategory_10_LabelName,/m/0hkxq
Subcategory_40_Subcategory_16_Subcategory_11_LabelName,/m/0jg57
Subcategory_40_Subcategory_16_Subcategory_12_LabelName,/m/02cvgx
Subcategory_40_Subcategory_17_LabelName,/m/0fz0h
Subcategory_40_Subcategory_18_LabelName,/m/0l515
Subcategory_40_Subcategory_18_Subcategory_0_LabelName,/m/0cdn1
Subcategory_40_Subcategory_18_Subcategory_1_LabelName,/m/06pcq
Subcategory_40_Subcategory_19_LabelName,/m/0284d
Subcategory_40_Subcategory_19_Subcategory_0_LabelName,/m/01nkt
Subcategory_40_Subcategory_19_Subcategory_1_LabelName,/m/04zpv
Subcategory_40_Subcategory_20_LabelName,/m/07030
Subcategory_41_LabelName,/m/05s2s
Subcategory_41_Subcategory_0_LabelName,/m/03fp41
Subcategory_41_Subcategory_1_LabelName,/m/07j7r
Subcategory_41_Subcategory_1_Subcategory_0_LabelName,/m/025nd
Subcategory_41_Subcategory_1_Subcategory_1_LabelName,/m/0cdl1
Subcategory_41_Subcategory_1_Subcategory_2_LabelName,/m/0cffdh
Subcategory_41_Subcategory_1_Subcategory_3_LabelName,/m/0mw_6
Subcategory_41_Subcategory_2_LabelName,/m/0c9ph5
Subcategory_41_Subcategory_2_Subcategory_0_LabelName,/m/04gth
Subcategory_41_Subcategory_2_Subcategory_1_LabelName,/m/06m11
Subcategory_41_Subcategory_2_Subcategory_2_LabelName,/m/0ftb8
Subcategory_41_Subcategory_2_Subcategory_3_LabelName,/m/0jqgx
Subcategory_42_LabelName,/m/07yv9
Subcategory_42_Subcategory_0_LabelName,/m/01prls
Subcategory_42_Subcategory_0_Part_0_LabelName,/m/08dz3q
Subcategory_42_Subcategory_0_Part_0_Subcategory_0_LabelName,/m/01jfm_
Subcategory_42_Subcategory_0_Part_0_Subcategory_1_LabelName,/m/083wq
Subcategory_42_Subcategory_0_Part_0_Subcategory_2_LabelName,/m/0dkzw
Subcategory_42_Subcategory_0_Part_0_Subcategory_3_LabelName,/m/0h9mv
Subcategory_42_Subcategory_0_Subcategory_0_LabelName,/m/012n7d
Subcategory_42_Subcategory_0_Subcategory_1_LabelName,/m/018p4k
Subcategory_42_Subcategory_0_Subcategory_2_LabelName,/m/0199g
Subcategory_42_Subcategory_0_Subcategory_2_Part_0_LabelName,/m/01bqk0
Subcategory_42_Subcategory_0_Subcategory_3_LabelName,/m/01bjv
Subcategory_42_Subcategory_0_Subcategory_4_LabelName,/m/01x3jk
Subcategory_42_Subcategory_0_Subcategory_5_LabelName,/m/0323sq
Subcategory_42_Subcategory_0_Subcategory_6_LabelName,/m/04_sv
Subcategory_42_Subcategory_0_Subcategory_7_LabelName,/m/076bq
Subcategory_42_Subcategory_0_Subcategory_8_LabelName,/m/07cmd
Subcategory_42_Subcategory_0_Subcategory_9_LabelName,/m/07jdr
Subcategory_42_Subcategory_0_Subcategory_10_LabelName,/m/07r04
Subcategory_42_Subcategory_0_Subcategory_11_LabelName,/m/0f6nr
Subcategory_42_Subcategory_0_Subcategory_12_LabelName,/m/0k4j
Subcategory_42_Subcategory_0_Subcategory_12_Subcategory_0_LabelName,/m/01lcw4
Subcategory_42_Subcategory_0_Subcategory_12_Subcategory_1_LabelName,/m/0h2r6
Subcategory_42_Subcategory_0_Subcategory_13_LabelName,/m/0pg52
Subcategory_42_Subcategory_0_Subcategory_14_LabelName,/m/0qmmr
Subcategory_42_Subcategory_1_LabelName,/m/01rzcn
Subcategory_42_Subcategory_1_Subcategory_0_LabelName,/m/019jd
Subcategory_42_Subcategory_1_Subcategory_0_Subcategory_0_LabelName,/m/01btn
Subcategory_42_Subcategory_1_Subcategory_0_Subcategory_1_LabelName,/m/02068x
Subcategory_42_Subcategory_1_Subcategory_0_Subcategory_2_LabelName,/m/0ph39
Subcategory_42_Subcategory_1_Subcategory_1_LabelName,/m/01xs3r
Subcategory_42_Subcategory_1_Subcategory_2_LabelName,/m/074d1
Subcategory_42_Subcategory_2_LabelName,/m/0k5j
Subcategory_42_Subcategory_2_Subcategory_0_LabelName,/m/09ct_
Subcategory_42_Subcategory_2_Subcategory_1_LabelName,/m/0cmf2
Subcategory_42_Subcategory_2_Subcategory_2_LabelName,/m/09rvcxw
Subcategory_43_LabelName,/m/09j2d
Subcategory_43_Subcategory_0_LabelName,/m/01bfm9
Subcategory_43_Subcategory_1_LabelName,/m/01d40f
Subcategory_43_Subcategory_2_LabelName,/m/01gkx_
Subcategory_43_Subcategory_3_LabelName,/m/01gmv2
Subcategory_43_Subcategory_4_LabelName,/m/01krhy
Subcategory_43_Subcategory_5_LabelName,/m/01n4qj
Subcategory_43_Subcategory_6_LabelName,/m/01xygc
Subcategory_43_Subcategory_7_LabelName,/m/01xyhv
Subcategory_43_Subcategory_8_LabelName,/m/02dl1y
Subcategory_43_Subcategory_8_Subcategory_0_LabelName,/m/025rp__
Subcategory_43_Subcategory_8_Subcategory_1_LabelName,/m/02fq_6
Subcategory_43_Subcategory_8_Subcategory_2_LabelName,/m/02jfl0
Subcategory_43_Subcategory_8_Subcategory_3_LabelName,/m/02wbtzl
Subcategory_43_Subcategory_9_LabelName,/m/02h19r
Subcategory_43_Subcategory_10_LabelName,/m/02wv6h6
Subcategory_43_Subcategory_10_Subcategory_0_LabelName,/m/01cmb2
Subcategory_43_Subcategory_11_LabelName,/m/032b3c
Subcategory_43_Subcategory_12_LabelName,/m/0463sg
Subcategory_43_Subcategory_12_Subcategory_0_LabelName,/m/0174n1
Subcategory_43_Subcategory_12_Subcategory_0_Subcategory_0_LabelName,/m/03grzl
Subcategory_43_Subcategory_12_Subcategory_1_LabelName,/m/0176mf
Subcategory_43_Subcategory_12_Subcategory_2_LabelName,/m/017ftj
Subcategory_43_Subcategory_12_Subcategory_3_LabelName,/m/01krhy
Subcategory_43_Subcategory_12_Subcategory_4_LabelName,/m/01llwg
Subcategory_43_Subcategory_12_Subcategory_5_LabelName,/m/01nq26
Subcategory_43_Subcategory_12_Subcategory_6_LabelName,/m/01r546
Subcategory_43_Subcategory_12_Subcategory_7_LabelName,/m/01rkbr
Subcategory_43_Subcategory_12_Subcategory_8_LabelName,/m/02_n6y
Subcategory_43_Subcategory_12_Subcategory_9_LabelName,/m/02dl1y
Subcategory_43_Subcategory_12_Subcategory_9_Subcategory_0_LabelName,/m/025rp__
Subcategory_43_Subcategory_12_Subcategory_9_Subcategory_1_LabelName,/m/02fq_6
Subcategory_43_Subcategory_12_Subcategory_9_Subcategory_2_LabelName,/m/02jfl0
Subcategory_43_Subcategory_12_Subcategory_9_Subcategory_3_LabelName,/m/02wbtzl
Subcategory_43_Subcategory_12_Subcategory_10_LabelName,/m/02h19r
Subcategory_43_Subcategory_12_Subcategory_11_LabelName,/m/080hkjn
Subcategory_43_Subcategory_12_Subcategory_12_LabelName,/m/0gjkl
Subcategory_43_Subcategory_12_Subcategory_13_LabelName,/m/0hnnb
Subcategory_43_Subcategory_12_Subcategory_14_LabelName,/m/0jyfg
Subcategory_43_Subcategory_12_Subcategory_15_LabelName,/m/0nl46
Subcategory_43_Subcategory_13_LabelName,/m/04tn4x
Subcategory_43_Subcategory_14_LabelName,/m/07mhn
Subcategory_43_Subcategory_14_Subcategory_0_LabelName,/m/0fly7
Subcategory_43_Subcategory_15_LabelName,/m/09j5n
Subcategory_43_Subcategory_15_Subcategory_0_LabelName,/m/02p3w7d
Subcategory_43_Subcategory_15_Subcategory_1_LabelName,/m/01b638
Subcategory_43_Subcategory_15_Subcategory_2_LabelName,/m/06k2mb
Subcategory_43_Subcategory_15_Subcategory_3_LabelName,/m/03nfch
Subcategory_43_Subcategory_16_LabelName,/m/0h8mhzd
Subcategory_43_Subcategory_17_LabelName,/m/0hf58v5
Subcategory_43_Subcategory_17_Subcategory_0_LabelName,/m/01940j
Subcategory_43_Subcategory_17_Subcategory_1_LabelName,/m/01s55n
Subcategory_43_Subcategory_17_Subcategory_2_LabelName,/m/0584n8
Subcategory_43_Subcategory_17_Subcategory_3_LabelName,/m/080hkjn
Subcategory_43_Subcategory_18_LabelName,/m/0zvk5
Subcategory_43_Subcategory_18_Subcategory_0_LabelName,/m/03p3bw
Subcategory_43_Subcategory_18_Subcategory_1_LabelName,/m/07qxg_
Subcategory_44_LabelName,/m/0jbk
Subcategory_44_Subcategory_0_LabelName,/m/015p6
Subcategory_44_Subcategory_0_Subcategory_0_LabelName,/m/012074
Subcategory_44_Subcategory_0_Subcategory_1_LabelName,/m/01dy8n
Subcategory_44_Subcategory_0_Subcategory_2_LabelName,/m/01f8m5
Subcategory_44_Subcategory_0_Subcategory_3_LabelName,/m/05n4y
Subcategory_44_Subcategory_0_Subcategory_4_LabelName,/m/05z6w
Subcategory_44_Subcategory_0_Subcategory_5_LabelName,/m/06j2d
Subcategory_44_Subcategory_0_Subcategory_6_LabelName,/m/09b5t
Subcategory_44_Subcategory_0_Subcategory_7_LabelName,/m/09csl
Subcategory_44_Subcategory_0_Subcategory_8_LabelName,/m/09d5_
Subcategory_44_Subcategory_0_Subcategory_9_LabelName,/m/09ddx
Subcategory_44_Subcategory_0_Subcategory_10_LabelName,/m/0ccs93
Subcategory_44_Subcategory_0_Subcategory_11_LabelName,/m/0dbvp
Subcategory_44_Subcategory_0_Subcategory_12_LabelName,/m/0dftk
Subcategory_44_Subcategory_0_Subcategory_13_LabelName,/m/0f6wt
Subcategory_44_Subcategory_0_Subcategory_14_LabelName,/m/0gv1x
Subcategory_44_Subcategory_0_Subcategory_15_LabelName,/m/0h23m
Subcategory_44_Subcategory_0_Subcategory_16_LabelName,/m/0jly1
Subcategory_44_Subcategory_1_LabelName,/m/03xxp
Subcategory_44_Subcategory_1_Subcategory_0_LabelName,/m/0175cv
Subcategory_44_Subcategory_1_Subcategory_1_LabelName,/m/019h78
Subcategory_44_Subcategory_1_Subcategory_2_LabelName,/m/03hl4l9
Subcategory_44_Subcategory_1_Subcategory_2_Subcategory_0_LabelName,/m/01h8tj
Subcategory_44_Subcategory_1_Subcategory_2_Subcategory_1_LabelName,/m/035vxb
Subcategory_44_Subcategory_1_Subcategory_2_Subcategory_2_LabelName,/m/09gys
Subcategory_44_Subcategory_1_Subcategory_2_Subcategory_3_LabelName,/m/0cjq5
Subcategory_44_Subcategory_1_Subcategory_2_Subcategory_4_LabelName,/m/0d8zb
Subcategory_44_Subcategory_1_Subcategory_2_Subcategory_5_LabelName,/m/0ll1f78
Subcategory_44_Subcategory_1_Subcategory_2_Subcategory_6_LabelName,/m/0n28_
Subcategory_44_Subcategory_1_Subcategory_3_LabelName,/m/03vt0
Subcategory_44_Subcategory_1_Subcategory_3_Subcategory_0_LabelName,/m/01h3n
Subcategory_44_Subcategory_1_Subcategory_3_Subcategory_1_LabelName,/m/020jm
Subcategory_44_Subcategory_1_Subcategory_3_Subcategory_1_Subcategory_0_LabelName,/m/0gj37
Subcategory_44_Subcategory_1_Subcategory_3_Subcategory_2_LabelName,/m/0_k2
Subcategory_44_Subcategory_1_Subcategory_3_Subcategory_3_LabelName,/m/0d_2m
Subcategory_44_Subcategory_1_Subcategory_3_Subcategory_3_Subcategory_0_LabelName,/m/0cydv
Subcategory_44_Subcategory_1_Subcategory_3_Subcategory_3_Subcategory_1_LabelName,/m/0cyf8
Subcategory_44_Subcategory_1_Subcategory_3_Subcategory_4_LabelName,/m/0ft9s
Subcategory_44_Subcategory_1_Subcategory_4_LabelName,/m/0755b
Subcategory_44_Subcategory_1_Subcategory_5_LabelName,/m/084hf
Subcategory_44_Subcategory_1_Subcategory_6_LabelName,/m/09kmb
Subcategory_44_Subcategory_1_Subcategory_7_LabelName,/m/0_cp5
Subcategory_44_Subcategory_1_Subcategory_8_LabelName,/m/0f9_l
Subcategory_44_Subcategory_2_LabelName,/m/04rky
Subcategory_44_Subcategory_2_Subcategory_0_LabelName,/m/01h44
Subcategory_44_Subcategory_2_Subcategory_1_LabelName,/m/01lrl
Subcategory_44_Subcategory_2_Subcategory_1_Subcategory_0_LabelName,/m/01dws
Subcategory_44_Subcategory_2_Subcategory_1_Subcategory_0_Subcategory_0_LabelName,/m/01dxs
Subcategory_44_Subcategory_2_Subcategory_1_Subcategory_0_Subcategory_1_LabelName,/m/03bj1
Subcategory_44_Subcategory_2_Subcategory_1_Subcategory_0_Subcategory_2_LabelName,/m/0633h
Subcategory_44_Subcategory_2_Subcategory_1_Subcategory_0_Subcategory_3_LabelName,/m/0kmg4
Subcategory_44_Subcategory_2_Subcategory_1_Subcategory_1_LabelName,/m/01yrx
Subcategory_44_Subcategory_2_Subcategory_1_Subcategory_2_LabelName,/m/0306r
Subcategory_44_Subcategory_2_Subcategory_1_Subcategory_3_LabelName,/m/0449p
Subcategory_44_Subcategory_2_Subcategory_1_Subcategory_4_LabelName,/m/04g2r
Subcategory_44_Subcategory_2_Subcategory_1_Subcategory_5_LabelName,/m/06l9r
Subcategory_44_Subcategory_2_Subcategory_1_Subcategory_6_LabelName,/m/07dm6
Subcategory_44_Subcategory_2_Subcategory_1_Subcategory_7_LabelName,/m/096mb
Subcategory_44_Subcategory_2_Subcategory_1_Subcategory_8_LabelName,/m/0bt9lr
Subcategory_44_Subcategory_2_Subcategory_1_Subcategory_9_LabelName,/m/0c29q
Subcategory_44_Subcategory_2_Subcategory_1_Subcategory_10_LabelName,/m/0cd4d
Subcategory_44_Subcategory_2_Subcategory_1_Subcategory_11_LabelName,/m/0cn6p
Subcategory_44_Subcategory_2_Subcategory_1_Subcategory_12_LabelName,/m/0dq75
Subcategory_44_Subcategory_2_Subcategory_2_LabelName,/m/01x_v
Subcategory_44_Subcategory_2_Subcategory_3_LabelName,/m/01xq0k1
Subcategory_44_Subcategory_2_Subcategory_4_LabelName,/m/03bk1
Subcategory_44_Subcategory_2_Subcategory_5_LabelName,/m/03d443
Subcategory_44_Subcategory_2_Subcategory_6_LabelName,/m/03fwl
Subcategory_44_Subcategory_2_Subcategory_7_LabelName,/m/03k3r
Subcategory_44_Subcategory_2_Subcategory_8_LabelName,/m/03qrc
Subcategory_44_Subcategory_2_Subcategory_9_LabelName,/m/04c0y
Subcategory_44_Subcategory_2_Subcategory_10_LabelName,/m/04cp_
Subcategory_44_Subcategory_2_Subcategory_11_LabelName,/m/04rmv
Subcategory_44_Subcategory_2_Subcategory_12_LabelName,/m/068zj
Subcategory_44_Subcategory_2_Subcategory_13_LabelName,/m/06mf6
Subcategory_44_Subcategory_2_Subcategory_14_LabelName,/m/071qp
Subcategory_44_Subcategory_2_Subcategory_15_LabelName,/m/07bgp
Subcategory_44_Subcategory_2_Subcategory_16_LabelName,/m/0898b
Subcategory_44_Subcategory_2_Subcategory_17_LabelName,/m/08pbxl
Subcategory_44_Subcategory_2_Subcategory_18_LabelName,/m/09f20
Subcategory_44_Subcategory_2_Subcategory_19_LabelName,/m/09kx5
Subcategory_44_Subcategory_2_Subcategory_20_LabelName,/m/0bwd_0j
Subcategory_44_Subcategory_2_Subcategory_21_LabelName,/m/0c568
Subcategory_44_Subcategory_2_Subcategory_22_LabelName,/m/0cl4p
Subcategory_44_Subcategory_2_Subcategory_23_LabelName,/m/0cnyhnx
Subcategory_44_Subcategory_2_Subcategory_24_LabelName,/m/0czz2
Subcategory_44_Subcategory_2_Subcategory_25_LabelName,/m/0dbzx
Subcategory_44_Subcategory_2_Subcategory_26_LabelName,/m/0gd2v
Subcategory_44_Subcategory_2_Subcategory_26_Subcategory_0_LabelName,/m/02hj4
Subcategory_44_Subcategory_2_Subcategory_26_Subcategory_1_LabelName,/m/084zz
Subcategory_44_Subcategory_2_Subcategory_26_Subcategory_2_LabelName,/m/0gd36
Subcategory_44_Subcategory_2_Subcategory_26_Subcategory_3_LabelName,/m/02l8p9
Subcategory_44_Subcategory_2_Subcategory_27_LabelName,/m/0km7z
Subcategory_44_Subcategory_2_Subcategory_28_LabelName,/m/0pcr
Subcategory_44_Subcategory_2_Subcategory_29_LabelName,/m/0xfy
Subcategory_44_Subcategory_3_LabelName,/m/06bt6
Subcategory_44_Subcategory_3_Subcategory_0_LabelName,/m/029tx
Subcategory_44_Subcategory_3_Subcategory_1_LabelName,/m/04m9y
Subcategory_44_Subcategory_3_Subcategory_2_LabelName,/m/078jl
Subcategory_44_Subcategory_3_Subcategory_3_LabelName,/m/09dzg
Subcategory_44_Subcategory_3_Subcategory_3_Subcategory_0_LabelName,/m/011k07
Subcategory_44_Subcategory_3_Subcategory_3_Subcategory_1_LabelName,/m/0120dh
Subcategory_44_Subcategory_3_Subcategory_4_LabelName,/m/09f_2
Subcategory_44_Subcategory_3_Subcategory_5_LabelName,/m/09ld4
Subcategory_44_Subcategory_4_LabelName,/m/0ch_cf
Subcategory_44_Subcategory_4_Subcategory_0_LabelName,/m/03fj2
Subcategory_44_Subcategory_4_Subcategory_1_LabelName,/m/0by6g
Subcategory_44_Subcategory_4_Subcategory_2_LabelName,/m/0m53l
Subcategory_44_Subcategory_4_Subcategory_3_LabelName,/m/0nybt
Subcategory_44_Subcategory_5_LabelName,/m/0fbdv
Subcategory_44_Subcategory_5_Subcategory_0_LabelName,/m/0_cp5
Subcategory_44_Subcategory_5_Subcategory_1_LabelName,/m/0cjq5
Subcategory_44_Subcategory_5_Subcategory_2_LabelName,/m/0ll1f78
Subcategory_44_Subcategory_5_Subcategory_3_LabelName,/m/0n28_
Subcategory_45_LabelName,/m/014trl
Subcategory_45_Subcategory_0_LabelName,/m/02xb7qb
Subcategory_45_Subcategory_1_LabelName,/m/05w9t9
Subcategory_45_Subcategory_2_LabelName,/m/06c7f7
Subcategory_45_Subcategory_3_LabelName,/m/0p833
Subcategory_46_LabelName,/m/02w3_ws
Subcategory_46_Subcategory_0_LabelName,/m/012xff
Subcategory_46_Subcategory_1_LabelName,/m/017ftj
Subcategory_46_Subcategory_2_LabelName,/m/02_n6y
Subcategory_46_Subcategory_3_LabelName,/m/05441v
Subcategory_46_Subcategory_4_LabelName,/m/08p92x
Subcategory_46_Subcategory_5_LabelName,/m/0f571
Subcategory_46_Subcategory_6_LabelName,/m/0jyfg
Subcategory_46_Subcategory_7_LabelName,/m/0qmmr
Subcategory_47_LabelName,/m/01xgg_
Subcategory_47_Subcategory_0_LabelName,/m/012ysf
Subcategory_47_Subcategory_1_LabelName,/m/02lbcq
Subcategory_47_Subcategory_2_LabelName,/m/073g6
Subcategory_47_Subcategory_3_LabelName,/m/0j496
Subcategory_48_LabelName,/m/04szw
Subcategory_48_Subcategory_0_LabelName,/m/013y1f
Subcategory_48_Subcategory_1_LabelName,/m/018j2
Subcategory_48_Subcategory_2_LabelName,/m/01xqw
Subcategory_48_Subcategory_3_LabelName,/m/026t6
Subcategory_48_Subcategory_4_LabelName,/m/0319l
Subcategory_48_Subcategory_5_LabelName,/m/0342h
Subcategory_48_Subcategory_6_LabelName,/m/03m5k
Subcategory_48_Subcategory_7_LabelName,/m/03q5t
Subcategory_48_Subcategory_8_LabelName,/m/03qjg
Subcategory_48_Subcategory_9_LabelName,/m/057cc
Subcategory_48_Subcategory_10_LabelName,/m/05kms
Subcategory_48_Subcategory_11_LabelName,/m/05r5c
Subcategory_48_Subcategory_12_LabelName,/m/06ncr
Subcategory_48_Subcategory_13_LabelName,/m/07c6l
Subcategory_48_Subcategory_14_LabelName,/m/07gql
Subcategory_48_Subcategory_15_LabelName,/m/07y_7
Subcategory_48_Subcategory_16_LabelName,/m/0f8s22
Subcategory_48_Subcategory_17_LabelName,/m/0l14j_
Subcategory_48_Subcategory_18_LabelName,/m/0mkg
Subcategory_48_Subcategory_19_LabelName,/m/0xzly
Subcategory_49_LabelName,/m/05y5lj
Subcategory_49_Subcategory_0_LabelName,/m/014y4n
Subcategory_49_Subcategory_1_LabelName,/m/018xm
Subcategory_49_Subcategory_1_Subcategory_0_LabelName,/m/01226z
Subcategory_49_Subcategory_1_Subcategory_1_LabelName,/m/02ctlc
Subcategory_49_Subcategory_1_Subcategory_2_LabelName,/m/02rgn06
Subcategory_49_Subcategory_1_Subcategory_3_LabelName,/m/05ctyq
Subcategory_49_Subcategory_1_Subcategory_4_LabelName,/m/0wdt60w
Subcategory_49_Subcategory_2_LabelName,/m/0199g
Subcategory_49_Subcategory_2_Part_0_LabelName,/m/01bqk0
Subcategory_49_Subcategory_3_LabelName,/m/019w40
Subcategory_49_Subcategory_4_LabelName,/m/01g3x7
Subcategory_49_Subcategory_5_LabelName,/m/0268lbt
Subcategory_49_Subcategory_6_LabelName,/m/02p3w7d
Subcategory_49_Subcategory_7_LabelName,/m/02wmf
Subcategory_49_Subcategory_8_LabelName,/m/03g8mr
Subcategory_49_Subcategory_9_LabelName,/m/03grzl
Subcategory_49_Subcategory_10_LabelName,/m/0420v5
Subcategory_49_Subcategory_11_LabelName,/m/044r5d
Subcategory_49_Subcategory_12_LabelName,/m/054xkw
Subcategory_49_Subcategory_13_LabelName,/m/057p5t
Subcategory_49_Subcategory_14_LabelName,/m/06__v
Subcategory_49_Subcategory_15_LabelName,/m/06_fw
Subcategory_49_Subcategory_16_LabelName,/m/071p9
Subcategory_49_Subcategory_17_LabelName,/m/07pj7bq
Subcategory_49_Subcategory_18_LabelName,/m/04h8sr
Subcategory_49_Subcategory_19_LabelName,/m/03kt2w
Subcategory_49_Subcategory_20_LabelName,/m/030610
Subcategory_49_Subcategory_21_LabelName,/m/076lb9
Subcategory_49_Subcategory_22_LabelName,/m/03wym
Subcategory_49_Subcategory_23_LabelName,/m/0cqn2
Subcategory_49_Subcategory_24_LabelName,/m/0cyfs
Subcategory_49_Subcategory_25_LabelName,/m/0dv9c
Subcategory_49_Subcategory_25_Subcategory_0_LabelName,/m/0h8my_4
Subcategory_49_Subcategory_25_Subcategory_1_LabelName,/m/05_5p_0
Subcategory_49_Subcategory_26_LabelName,/m/0l3ms
Subcategory_49_Subcategory_27_LabelName,/m/0zvk5
Subcategory_49_Subcategory_27_Subcategory_0_LabelName,/m/03p3bw
Subcategory_49_Subcategory_27_Subcategory_1_LabelName,/m/07qxg_
Subcategory_49_Subcategory_28_LabelName,/m/04p0qw
Subcategory_50_LabelName,/m/07k1x
Subcategory_50_Subcategory_0_LabelName,/m/011q46kg
Subcategory_50_Subcategory_0_Subcategory_0_LabelName,/m/02jnhm
Subcategory_50_Subcategory_0_Subcategory_1_LabelName,/m/02zn6n
Subcategory_50_Subcategory_0_Subcategory_2_LabelName,/m/04dr76w
Subcategory_50_Subcategory_0_Subcategory_3_LabelName,/m/07kng9
Subcategory_50_Subcategory_0_Subcategory_4_LabelName,/m/08hvt4
Subcategory_50_Subcategory_0_Subcategory_5_LabelName,/m/0bjyj5
Subcategory_50_Subcategory_0_Subcategory_6_LabelName,/m/0d20w4
Subcategory_50_Subcategory_0_Subcategory_7_LabelName,/m/0fm3zh
Subcategory_50_Subcategory_1_LabelName,/m/012w5l
Subcategory_50_Subcategory_2_LabelName,/m/012xff
Subcategory_50_Subcategory_3_LabelName,/m/01bms0
Subcategory_50_Subcategory_4_LabelName,/m/01d380
Subcategory_50_Subcategory_5_LabelName,/m/01j4z9
Subcategory_50_Subcategory_6_LabelName,/m/01j5ks
Subcategory_50_Subcategory_7_LabelName,/m/01kb5b
Subcategory_50_Subcategory_8_LabelName,/m/01lsmm
Subcategory_50_Subcategory_9_LabelName,/m/02bm9n
Subcategory_50_Subcategory_10_LabelName,/m/03hlz0c
Subcategory_50_Subcategory_10_Subcategory_0_LabelName,/m/01_5g
Subcategory_50_Subcategory_10_Subcategory_1_LabelName,/m/027rl48
Subcategory_50_Subcategory_10_Subcategory_2_LabelName,/m/02d1br
Subcategory_50_Subcategory_10_Subcategory_3_LabelName,/m/02mqfb
Subcategory_50_Subcategory_10_Subcategory_4_LabelName,/m/02pdsw
Subcategory_50_Subcategory_10_Subcategory_5_LabelName,/m/02vwcm
Subcategory_50_Subcategory_10_Subcategory_6_LabelName,/m/03v5tg
Subcategory_50_Subcategory_10_Subcategory_7_LabelName,/m/04ctx
Subcategory_50_Subcategory_10_Subcategory_8_LabelName,/m/04f5ws
Subcategory_50_Subcategory_10_Subcategory_9_LabelName,/m/07v9_z
Subcategory_50_Subcategory_10_Subcategory_10_LabelName,/m/08ks85
Subcategory_50_Subcategory_10_Subcategory_11_LabelName,/m/0cmx8
Subcategory_50_Subcategory_10_Subcategory_12_LabelName,/m/0dt3t
Subcategory_50_Subcategory_11_LabelName,/m/03l9g
Subcategory_50_Subcategory_12_LabelName,/m/03txqz
Subcategory_50_Subcategory_13_LabelName,/m/04vv5k
Subcategory_50_Subcategory_14_LabelName,/m/05bm6
Subcategory_50_Subcategory_15_LabelName,/m/073bxn
Subcategory_50_Subcategory_16_LabelName,/m/07dd4
Subcategory_50_Subcategory_17_LabelName,/m/0_dqb
Subcategory_50_Subcategory_18_LabelName,/m/0c2jj
Subcategory_50_Subcategory_19_LabelName,/m/0dv5r
Subcategory_50_Subcategory_20_LabelName,/m/0h8jyh6
Subcategory_50_Subcategory_21_LabelName,/m/0hdln
Subcategory_50_Subcategory_22_LabelName,/m/0lt4_
Subcategory_51_LabelName,/m/083kb
Subcategory_51_Subcategory_0_LabelName,/m/01g3x7
Subcategory_51_Subcategory_1_LabelName,/m/020kz
Subcategory_51_Subcategory_2_LabelName,/m/02gzp
Subcategory_51_Subcategory_3_LabelName,/m/04ctx
Subcategory_51_Subcategory_4_LabelName,/m/06c54
Subcategory_51_Subcategory_5_LabelName,/m/06nrc
Subcategory_51_Subcategory_6_LabelName,/m/07cmd
Subcategory_51_Subcategory_7_LabelName,/m/0c2jj
Subcategory_51_Subcategory_8_LabelName,/m/0gxl3
Subcategory_51_Subcategory_9_LabelName,/m/06y5r
Subcategory_51_Subcategory_10_LabelName,/m/04ylt
Subcategory_51_Subcategory_11_LabelName,/m/0ct4f
Subcategory_52_LabelName,/m/01432t
Subcategory_53_LabelName,/m/01b7fy
Subcategory_54_LabelName,/m/01c648
Subcategory_55_LabelName,/m/01m2v
Subcategory_56_LabelName,/m/01m4t
Subcategory_57_LabelName,/m/020lf
Subcategory_58_LabelName,/m/02522
Subcategory_59_LabelName,/m/03bbps
Subcategory_60_LabelName,/m/03jbxj
Subcategory_61_LabelName,/m/07c52
Subcategory_62_LabelName,/m/07cx4
Subcategory_62_Subcategory_0_LabelName,/m/050k8
Subcategory_62_Subcategory_1_LabelName,/m/0h8lkj8
Subcategory_63_LabelName,/m/0bh9flk
Subcategory_64_LabelName,/m/0hg7b
Subcategory_65_LabelName,/m/0mcx2
Subcategory_66_LabelName,/m/0qjjc
Subcategory_67_LabelName,/m/0271t
Subcategory_67_Subcategory_0_LabelName,/m/01599
Subcategory_67_Subcategory_1_LabelName,/m/024g6
Subcategory_67_Subcategory_2_LabelName,/m/02vqfm
Subcategory_67_Subcategory_3_LabelName,/m/01z1kdw
Subcategory_67_Subcategory_4_LabelName,/m/07clx
Subcategory_67_Subcategory_5_LabelName,/m/081qc
Subcategory_68_LabelName,/m/01bqk0
Subcategory_69_LabelName,/m/03c7gz
Subcategory_70_LabelName,/m/02dgv
Subcategory_70_Part_0_LabelName,/m/03c7gz
Subcategory_71_LabelName,/m/0d4v4
Subcategory_72_LabelName,/m/01lynh
Subcategory_73_LabelName,/m/04m6gz
Subcategory_74_LabelName,/m/014sv8
Subcategory_75_LabelName,/m/016m2d
Subcategory_76_LabelName,/m/04hgtk
Subcategory_77_LabelName,/m/0dzct
Subcategory_78_LabelName,/m/0283dt1
Subcategory_79_LabelName,/m/039xj_
Subcategory_80_LabelName,/m/0k0pj
Subcategory_81_LabelName,/m/03q69
Subcategory_82_LabelName,/m/0k65p
Subcategory_83_LabelName,/m/031n1
Subcategory_84_LabelName,/m/0dzf4
Subcategory_85_LabelName,/m/035r7c
Subcategory_86_LabelName,/m/015h_t
Subcategory_87_LabelName,/m/02p0tk3
Subcategory_87_Part_0_LabelName,/m/014sv8
Subcategory_87_Part_1_LabelName,/m/016m2d
Subcategory_87_Part_2_LabelName,/m/04hgtk
Subcategory_87_Part_3_LabelName,/m/0dzct
Subcategory_87_Part_4_LabelName,/m/0283dt1
Subcategory_87_Part_5_LabelName,/m/039xj_
Subcategory_87_Part_6_LabelName,/m/0k0pj
Subcategory_87_Part_7_LabelName,/m/03q69
Subcategory_87_Part_8_LabelName,/m/0k65p
Subcategory_87_Part_9_LabelName,/m/031n1
Subcategory_87_Part_10_LabelName,/m/0dzf4
Subcategory_87_Part_11_LabelName,/m/035r7c
Subcategory_87_Part_12_LabelName,/m/015h_t
Subcategory_88_LabelName,/m/08dz3q
Subcategory_88_Subcategory_0_LabelName,/m/01jfm_
Subcategory_88_Subcategory_1_LabelName,/m/083wq
Subcategory_88_Subcategory_2_LabelName,/m/0dkzw
Subcategory_88_Subcategory_3_LabelName,/m/0h9mv
Subcategory_89_LabelName,/m/0djtd
